Title,Description,Published Date,Video URL
"Dizzy Gillespie and his Orchestra, featuring Milt Jackson on vibraharp:  &quot;Things to Come&quot;  (1946)","Source: shellac MUSICRAFT 78, #447 (5611), recorded July 9, 1946 Tech data: mastered with AVA triple filter© process (no ...",2020-04-21T23:43:47Z,https://www.youtube.com/watch?v=4VyGWsUY8_s
"All Star jam session with Miles Davis- January 17, 1949  WPIX Studio, NYC","January 17, 1949 WPIX Studio, New York City, New York All-Star jam session: Miles Davis (tpt -1, 3, 5); Kai Winding (tb -1, 3, 5); ...",2016-01-17T10:59:50Z,https://www.youtube.com/watch?v=CfyBFm3_a6U
Norman Granz - Jazz at the Philharmonic - 1967 - London - Full,"Clark Terry - flugelhorn.... James Moody - flute, alto.... Zoot Sims - tenor.... Dizzy Gillespie - trumpet.... Coleman Hawkins - tenor.",2017-11-22T04:23:37Z,https://www.youtube.com/watch?v=Xv8PNMcEvps
Coleman Hawkins - Hawk&#39;s Tune (vinyl record Jazz at the Philharmonic),"From the vinyl LP ""The Coleman Hawkins Set Jazz at the Philharmonic"" Coleman Randolph Hawkins (November 21, 1904 – May ...",2022-05-09T19:00:07Z,https://www.youtube.com/watch?v=HgjVa5sOzDs
Coleman Hawkins - Rifftide (from vinyl LP &quot;The Coleman Hawkins Set Jazz at the Philharmonic&quot;),"From the vinyl LP ""The Coleman Hawkins Set Jazz at the Philharmonic"" Coleman Randolph Hawkins (November 21, 1904 – May ...",2022-08-03T20:00:10Z,https://www.youtube.com/watch?v=hwaZdeD91eI
3/3 Heute Nacht oder nie! /Tell me tonight - Jack Hylton &amp; his orchestra (1932),The third version of the song is a completely different one. Jack Hylton and his orchestra bring an up-tempo foxtrot version of the ...,2008-11-10T11:22:45Z,https://www.youtube.com/watch?v=ag5dxFh0M8g
"&quot;Max Roach Quartet&quot; live - Roma, 1978","Max Roach Quartet live in Roma, Cinema Araldo, November 11, 1978 Max Roach Quartet: Billy Harper (tenor sax), Cecil ...",2020-03-12T15:31:54Z,https://www.youtube.com/watch?v=6XoZkGJnAIU
"Miles Davis- February 21, 1953 Howard Theatre, Washington DC","February 21, 1953 Howard Theatre, Washington DC All-Star jam session: Miles Davis (tpt); Allen Eager (ts); Terry Swope (p); ...",2016-02-21T11:18:12Z,https://www.youtube.com/watch?v=2xe32L0SuMw
[1977]  Max Roach Quartet　テープＡ面,マックス・ローチ・クァルテット・ライブ ビリー・ハーパー：ts セシル・ブリッジウオーター：tp レジー・ワークマン：b ...,2021-06-11T06:10:44Z,https://www.youtube.com/watch?v=MS4ynkzV33k
"Gene Krupa Quartet 10/2/1955 &quot;Sing, Sing, Sing&quot; JATP Chicago-Eddie Shu, Bobby Scott, Whitey Mitchell","In my opinion, this Chicago performance was the greatest of all the Jazz At The Philharmonic Quartet performances. Recorded at ...",2020-07-31T04:00:56Z,https://www.youtube.com/watch?v=s6YQDmkAH1w
Philippe Brun Swing Band (1937): COLLEGE STOMP,"Philippe Brun And His Swing Band: College Stomp Swing SW 15 (Mx. No.: OLA 2308-1) Paris, December 28, 1937 Personnel as ...",2008-12-21T04:24:56Z,https://www.youtube.com/watch?v=TD6QqsZzxBA
Philippe Brun And His Swing Band   Gotta Date In Louisiana,"HI, we would like to present you something new musically speaking. Our tracks are not present in the YouTube library. Our music ...",2018-12-18T09:13:56Z,https://www.youtube.com/watch?v=r5P5UgYlZaE
"Guy Paquinet - From You - Paris, 04.03.1935","Patrick et son Orchestre (dir. Guy Paquinet) Alex Renard, Gaston Lapeyronnie, Nöel Chiboust (tp); Guy Paquinet, Pierre Deck, ...",2010-05-28T11:59:54Z,https://www.youtube.com/watch?v=0TeI8P0Y2Ig
Early Glenn Miller and his Orchestra NBC Broadcasts,Here are some selections of Glenn Miller's NBC radio broadcasts from the Paradise Restaurant in New York City and the ...,2017-11-10T16:31:35Z,https://www.youtube.com/watch?v=aep6ru59KXw
Glenn Miller Radio Broadcast from the Cafe Rogue 11/23/40,"A vintage Glenn Miller and his Orchestra Radio Show from the Cafe Rogue in New York City heard on NBC on November 23, ...",2017-07-24T02:55:00Z,https://www.youtube.com/watch?v=JlWlxxoG9cA
"Glenn Miller - November 3rd, 1941","On Monday November 3rd, 1941 Glenn Miller and his Orchestra were appearing at the Cafe Rouge in the Hotel Pennsylvania in ...",2018-11-03T13:15:00Z,https://www.youtube.com/watch?v=w6_ET2EGObQ
"Glenn Miller - June 4th, 1940","On Tuesday evening, June 4th, 1940, at 10:00 PM (eastern time) Glenn Miller and his Orchestra broadcast their three times a ...",2018-06-04T13:51:10Z,https://www.youtube.com/watch?v=Ie1D5ikw50A
"Glenn Miller - Moonlight Serenade - June 7, 1939 - Glen Island Casino, New York",Different rhythms and melodies by the new king of the swing trombone and ace arranger. Glenn Miller and his Orchestra are ...,2019-01-25T10:56:29Z,https://www.youtube.com/watch?v=i6PuMWiRVQc
"Glenn Miller - June 13th, 1939","On June 13th, 1939 Glenn Miller and his Orchestra broadcast a 30 minute program over the NBC radio network to the United ...",2018-06-16T00:48:02Z,https://www.youtube.com/watch?v=7NS9SU0qOPg
"Glenn Miller - June 23rd, 1942",This is a program by Glenn Miller and his Orchestra broadcast from New York City over the CBS radio network on Tuesday June ...,2018-06-23T15:14:32Z,https://www.youtube.com/watch?v=yvHDWV91uRk
Glenn Miller &quot;On The Air&quot; - August 1940 (Part 1),"Here are some selections from Glenn Miller Chesterfield radio program broadcast (from New York City) from August 6th, 8th, 14th ...",2019-09-22T00:04:37Z,https://www.youtube.com/watch?v=yUMpVU9X0Qs
1936 BING CROSBY I Can&#39;t Escape From You JIMMY DORSEY Orchestra - 78 RPM Record,Bing Crosby With Jimmy Dorsey And His Orchestra – I Can't Escape From You Vocal with Orchestra Accompaniment From the ...,2023-06-25T22:00:20Z,https://www.youtube.com/watch?v=eekK1KoZwnk
CHARLIE BARNET Skyliner (1945) Big Band Jazz Instrumental - 78 RPM record,Charlie Barnet And His Orchestra – Skyliner Instrumental Fox Trot Written by Dale Bennett 78 RPM audio transfer from Bowness ...,2022-11-14T10:00:09Z,https://www.youtube.com/watch?v=HAOsTN3Qanw
1936 BING CROSBY I&#39;m An Old Cowhand (From The Rio Grande) JIMMY DORSEY Orchestra - 78 RPM Record,Bing Crosby With Jimmy Dorsey And His Orchestra – I'm An Old Cowhand (From The Rio Grande) Written by Johnny Mercer 78 ...,2023-06-25T10:00:37Z,https://www.youtube.com/watch?v=lyK7C6V8090
Sleepy Lagoon / Harry James and his Orchestra,"Sleepy Lagoon Harry James and his Orchestra Columbia 36549 (CO 32472-1) Harry James(tp,dir); Claude Bowen, Nick Buono, ...",2024-06-19T02:39:14Z,https://www.youtube.com/watch?v=XDR8hwYS7zI
"Duke Ellington And His Orchestra { THE MOOCHE }  1928,",Brunswick 6812 DUKE ELLINGTON & HIS ORCH THE MOOCHE MX; E28359-Ａ ORIGINAL; (Brunswick 4122) DUKE ...,2022-04-12T17:00:34Z,https://www.youtube.com/watch?v=w5tN2_J8vsA
Glenn Miller - June 25th 1938 &amp; 1942,Here are two radio programs (bookends if you will) by Glenn Miller and his Orchestra. On the first program you will hear the band ...,2018-06-25T13:55:00Z,https://www.youtube.com/watch?v=GmfJTv7rkpc
"Glenn Miller - June 18, 1938","On Tuesday, June 14, 1938, Glenn Miller and his Orchestra opened at the Paradise Restaurant at 1619 Broadway in New York ...",2018-06-14T12:59:58Z,https://www.youtube.com/watch?v=7q3qGi_czhw
"Fud Candrix - Belleville - Paris, 12.03.1943","Django Reinhardt et son Grand Orchestre (Fud Candrix et son Orchestre) Maurice Giegas, Janot Morales, Lucien Devroye (tp); ...",2010-08-30T02:39:07Z,https://www.youtube.com/watch?v=l3tXxW4KLkw
Django Reinhardt Et Son Grand Orchestre Fud Candrix Et Son Orchestre - Mixture,"HI, we would like to present you something new musically speaking. Our tracks are not present in the YouTube library. Our music ...",2018-03-08T20:04:36Z,https://www.youtube.com/watch?v=d1BRXiuikro
"&quot;Saving You For Me&quot; - Jack Teagarden &amp; His Orchestra, v/ Christine Martin (1946)",Song: Saving You For Me Written by: unknown Artist: Jack Teagarden And His Orchestra A-Side: https://youtu.be/IB2cxOTfS-Y ...,2023-08-24T07:00:32Z,https://www.youtube.com/watch?v=qsfdIcdpo30
"Gene Krupa and his Orchestra:  &quot;Don&#39;t Cry, Cherie&quot;  (1941)","Source: shellac OKEH 78, #6198 (30238), recorded April 11, 1941 Tech data: mastered with AVA triple filter© process (no Dolby)",2020-01-23T18:28:28Z,https://www.youtube.com/watch?v=CZAaTOrIKBE
1941 GENE KRUPA Who BIG BAND JAZZ Instrumental - 78 RPM Record,"Gene Krupa And His Orchestra – Who Fox Trot - From ""Sunny"" Written by Otto Harbach, Oscar Hammerstein II and Jerome Kern ...",2022-12-02T10:30:10Z,https://www.youtube.com/watch?v=syZEKBKeVqg
It&#39;s You I&#39;m Talkin&#39; About - Tommy Dorsey - Edythe Wright - 1936,"It's You I'm Talkin' About From the Paramount film ""Florida Special"" Foxtrot Tommy Dorsey And His Orchestra Vocals: Edythe ...",2022-02-22T18:15:02Z,https://www.youtube.com/watch?v=xu38T_lQAy4
Sweet Is The Word For You - Tommy Dorsey - Jack Leonard - 1937,"Sweet Is The Word For You From the Paramount Picture ""Waikiki Wedding"" Foxtrot Tommy Dorsey And His Orchestra Vocals: ...",2023-02-20T18:15:00Z,https://www.youtube.com/watch?v=DI8mVhuFJpM
In A Little Hula Heaven - Tommy Dorsey - Edythe Wright - 1937,"In A Little Hula Heaven From the Paramount Picture ""Waikiki Wedding"" Foxtrot Tommy Dorsey And His Orchestra Vocals: Edythe ...",2023-02-13T18:15:04Z,https://www.youtube.com/watch?v=dEL5rpYWDWg
1942 TOMMY DORSEY Deep River BIG BAND SWING - 78 RPM Record,Tommy Dorsey And His Orchestra – Deep River Arranged by Sy Oliver Fox Trot Raw 78 RPM audio transfer from Bowness Arts' ...,2022-08-15T06:15:10Z,https://www.youtube.com/watch?v=bKeddOwx0aQ
Jimmy Dorsey And His Orchestra - Whisper While We Dance (1939),Performed by: Jimmy Dorsey And His Orchestra Vocalist: Bob Eberly Full Song Title: Whisper While We Dance Recorded in: June ...,2023-02-04T22:06:52Z,https://www.youtube.com/watch?v=euH_3c44WZs
Jimmy Dorsey And His Orchestra - Stairway To The Stars (1939),Performed by: Jimmy Dorsey And His Orchestra Vocalist: Bob Eberly Full Song Title: Stairway To The Stars Recorded in: June ...,2023-05-05T17:54:25Z,https://www.youtube.com/watch?v=IDDcXFNI5b4
1936 BING CROSBY I&#39;m An Old Cowhand (From The Rio Grande) JIMMY DORSEY Orchestra - 78 RPM Record,Bing Crosby With Jimmy Dorsey And His Orchestra – I'm An Old Cowhand (From The Rio Grande) Written by Johnny Mercer 78 ...,2023-06-25T10:00:37Z,https://www.youtube.com/watch?v=lyK7C6V8090
JEEP RHYTHM / JIMMIE LUNCEFORD And His Orchestra [Decca 18618B],"Decca 18618B [71760] JEEP RHYTHM (Horace Henderson) JIMMIE LUNCEFORD And His Orchestra New York, February 8, ...",2017-10-17T18:04:40Z,https://www.youtube.com/watch?v=ShiB0XtltYU
"DUKE ELLINGTON AND HIS FAMOUS ORCHESTRA { DROP ME OFF AT HARLEM } 1933,",COLUMBIA 35837 DUKE ELLINGTON & HIS ORCH DROP ME OFF AT HARLEM MX; B13081-B DUKE ELLINGTON AND HIS ...,2022-11-22T17:00:07Z,https://www.youtube.com/watch?v=4yF7u4UyTpk
Tommy Dorsey And His Orchestra - Hawaiian War Chant.-,"HI, we would like to present you something new musically speaking. Our tracks are not present in the YouTube library. Our music ...",2017-11-07T22:16:15Z,https://www.youtube.com/watch?v=JnFhZQqlci4
If I Had You / The Charlie Shavers Quintet,If I Had You The Charlie Shavers Quintet Vogue R756 (P-97) Charlie Shavers(tp); Buddy DeFranco(cl); John Potaker(p); Sidney ...,2023-02-03T00:58:20Z,https://www.youtube.com/watch?v=qlwSQe7xLTY
Dizzy&#39;s Dilemma / The Charlie Shavers Quintet,Dizzy's Dilemma The Charlie Shavers Quintet Vogue R754 (P-94) Charlie Shavers(tp); Buddy DeFranco(cl); John Potaker(p); ...,2023-02-03T00:58:10Z,https://www.youtube.com/watch?v=tQOt8XYRodA
Serenade To A Pair of Nylons / The Charlie Shavers Quintet,Serenade To A Pair of Nylons The Charlie Shavers Quintet Vogue R755 (P-93) Charlie Shavers(tp); Buddy DeFranco(cl); John ...,2023-02-03T00:58:05Z,https://www.youtube.com/watch?v=vm0njy6YCPU
Night In Tunisia / Dizzy Gillespie and his Orchestra,RCA Victor 40-0130-B (PD6VB1683-1) Dizzy Gillespie(tp) Don Byas(ts) Milt Jackson(vib) Al Haig(p) Bill deArango(el-g) Ray ...,2017-08-11T02:03:54Z,https://www.youtube.com/watch?v=d-xhG8uvY6w
"Fletcher Henderson - Clap hands, here comes Charlie - Broadcast, Hollywood, CA., May 1, 1944","Fletcher Henderson And His Orchestra Leroy White, Clint Waters, Jake Porter (tp) Allen Durham, George Washington (tb) Eddie ...",2012-12-21T01:11:28Z,https://www.youtube.com/watch?v=DP9r9GvCxag
Charlie Barnet And His Orchestra - Class Will Tell (V J E),"HI, we would like to present you something new musically speaking. Our tracks are not present in the YouTube library. Our music ...",2018-09-17T10:57:33Z,https://www.youtube.com/watch?v=7EGeqlkBUEM
♪Settin&#39; The Pace / Georgie Auld and his Orchestra,"Settin' The Pace Georgie Auld and his Orchestra Discovery 117 (D-168-2) Neal Hefti(tp); Billy Byers(tb); Georgie Auld(as,ts); Clint ...",2021-05-19T07:14:01Z,https://www.youtube.com/watch?v=iDLcYXIwgHc
♪Vox Bop / Georgie Auld and his Orchestra,"Vox Bop Georgie Auld and his Orchestra Discovery 109 (D-166-2) Neal Hefti(tp); Billy Byers(tb); Georgie Auld(as,ts); Clint ...",2021-05-19T07:13:47Z,https://www.youtube.com/watch?v=j65VjTGyutc
♪Mild and Mellow / Georgie Auld and his Orchestra,"Mild and Mellow Georgie Auld and his Orchestra Discovery 117 (D-167-2) Neal Hefti(tp); Billy Byers(tb,arr); Georgie Auld(as,ts); ...",2021-05-19T07:13:56Z,https://www.youtube.com/watch?v=NWxL-frqDOg
1947 COUNT BASIE ORCHESTRA Free Eats BIG BAND JAZZ- 78 RPM Record,"Count Basie And His Orchestra – Free Eats BIG BAND Featuring Paul Gonsalves, Tenor Sax; Emmett Berry and Harry Edison, ...",2023-03-02T23:00:26Z,https://www.youtube.com/watch?v=kSjo0VGp5U8
1947 COUNT BASIE ORCHESTRA Bill&#39;s Mill JAZZ Instrumental - 78 RPM Record,"Count Basie And His Orchestra – Bill's Mill Featuring Paul Gonsalves, Tenor Sax; Emmett Berry and Harry Edison, Trumpet ...",2023-03-03T23:00:11Z,https://www.youtube.com/watch?v=XtiyCjkiMy0
"Stan Kenton live at Disneyland, 1 June 1968",The fabulous Stan Kenton Orchestra plays a set at Disneyland. A rare find of a sparsely documented edition of the Kenton band.,2016-04-12T19:28:56Z,https://www.youtube.com/watch?v=uQPi0Tkt_qY
Mellophobia,Provided to YouTube by The state51 Conspiracy Mellophobia · Stan Kenton · Stan Kenton Stan Kenton And His Orchestra ℗ 2008 ...,2020-04-28T17:56:50Z,https://www.youtube.com/watch?v=Fc46JO27Lyw
"Artie Shaw &amp; His Orchestra &quot;A Man and His Dream&quot; Helen Forrest, Johnny Burke &amp; James V. Monaco","Artie Shaw and His Orchestra with singer Helen Forrest: ""A Man and His Dream,"" recorded on June 12, 1939. Words are by ...",2017-11-19T01:38:42Z,https://www.youtube.com/watch?v=aEOCWsEUJvQ
Copenhagen / Artie Shaw and his Orchestra,"Copenhagen Artie Shaw and his Orchestra Harmony 1016 (B 20449-1) New York, December 23, 1936 EQ: 500Hz/-8.5dB.",2023-01-15T23:42:03Z,https://www.youtube.com/watch?v=3HV0KV27tcY
Laughing at Life / Gene Morris Quintet,Laughing at Life Gene Morris Quintet Vocal Lee Williams Clear Tone No.502-B (FOTO-502-B) Walter Morris(tp); Gene Morris(ts); ...,2024-04-22T02:55:02Z,https://www.youtube.com/watch?v=MdhfH0_Lybc
Django Reinhardt &amp; Guy Paquinet - I Get A Kick Out Of You - 1935 June 17 - Paris,"Patrick et son Orchestre (direction Guy Paquinet) Alex Renard, Nöel Chiboust, Gaston Lapeyronnie (tp); Guy Paquinet (tb,vcl,arr); ...",2011-11-29T14:40:49Z,https://www.youtube.com/watch?v=4efS96Jb4Ko
From now on - Patrick et son Orchestre de Danse,"1934 PATRICK ET SON ORCHESTRE DE DANSE:, PATRICK Trombone, Vocals/voix, Alphonse COX Trompette, Gaston ...",2008-06-27T00:06:36Z,https://www.youtube.com/watch?v=RxkMha71hIo
"Guy Paquinet - Anything Goes - Paris, 17.06.1935","Patrick et son Orchestre (direction Guy Paquinet) Gaston Lapeyronnie, Nöel Chiboust, Alex Renard (tp); Guy Paquinet, Pierre ...",2010-06-04T12:21:46Z,https://www.youtube.com/watch?v=Z0eRmizNouE
"Guy Paquinet - I&#39;m Gonna Wash My Hands Of You - Paris, 17.06.1935","Patrick et son Orchestre (direction Guy Paquinet) Gaston Lapeyronnie, Nöel Chiboust, Alex Renard (tp); Guy Paquinet, Pierre ...",2010-06-04T16:08:46Z,https://www.youtube.com/watch?v=Dzn473bbnOw
"Maurice Chaillou - I&#39;m Gonna Wash My Hands Of You - Paris, 06.17. 1935","Patrick et son Orchestre (direction Guy Paquinet) Alex Renard, Nöel Chiboust, Gaston Lapeyronnie (tp); Guy Paquinet (tb); Pierre ...",2011-11-29T15:28:12Z,https://www.youtube.com/watch?v=FhaVNOIwCoU
Seagulls - Patrick et son Orchestre de Danse,"1935 PATRICK ET SON ORCHESTRE DE DANSE:, PATRICK Trombone, Vocals/voix, Alphonse COX Trompette, Gaston ...",2008-07-22T11:22:46Z,https://www.youtube.com/watch?v=SQWK6ETtRYI
"Django Reinhardt &amp; Guy Paquinet - Seagulls - Paris, 17.06.1935","Patrick et son Orchestre (direction Guy Paquinet) Gaston Lapeyronnie, Nöel Chiboust, Alex Renard (tp); Guy Paquinet, Pierre ...",2010-06-04T12:11:55Z,https://www.youtube.com/watch?v=YCGJQBK7Kvw
"Maurice Chaillou - You And The Night And The Music - Paris, 07.06.1935","Patrick et son Orchestre (direction Guy Paquinet) Alex Renard, Nöel Chiboust, Gaston Lapeyronnie (tp); Guy Paquinet (tb); Pierre ...",2011-11-29T15:07:56Z,https://www.youtube.com/watch?v=yQMEKzNjJSs
"Django Reinhardt &amp; Maurice Chaillou - Easter Parade - Paris, 17.06.1935","Patrick et son Orchestre (direction Guy Paquinet) Gaston Lapeyronnie, Nöel Chiboust, Alex Renard (tp); Guy Paquinet, Pierre ...",2010-06-04T15:36:19Z,https://www.youtube.com/watch?v=2B8otcidJfI
"Guy Paquinet - From You - Paris, 04.03.1935","Patrick et son Orchestre (dir. Guy Paquinet) Alex Renard, Gaston Lapeyronnie, Nöel Chiboust (tp); Guy Paquinet, Pierre Deck, ...",2010-05-28T11:59:54Z,https://www.youtube.com/watch?v=0TeI8P0Y2Ig
"Maurice Chaillou - You And The Night And The Music - Paris,17.06.1935","Patrick et son Orchestre (direction Guy Paquinet) Gaston Lapeyronnie, Nöel Chiboust, Alex Renard (tp); Guy Paquinet, Pierre ...",2010-06-04T04:48:29Z,https://www.youtube.com/watch?v=Rbl6NT0t1A8
"Patrick et son Orchestre de Danse - Okay, toots! (1934)","Okay, Toots! Patrick et son Orchestre de Danse, disque Pathé, 17 décembre 1934. Haute Qualité / High Quality: ...",2009-01-12T17:52:08Z,https://www.youtube.com/watch?v=wCgWC07YvLM
"Maurice Chaillou - I Get A Kick Out Of You - Oaris, 17.06.1935","Patrick et son Orchestre (direction Guy Paquinet) Gaston Lapeyronnie, Nöel Chiboust, Alex Renard (tp); Guy Paquinet, Pierre ...",2010-06-04T05:05:35Z,https://www.youtube.com/watch?v=bVIFXCRvN3k
"Hildegarde - Darling, Je Vous Aime Beaucoup - 1935 March 4 - Paris","Patrick et son Orchestre (dir. Guy Paquinet) Alex Renard, Gaston Lapeyronnie, Nöel Chiboust (tp); Guy Paquinet, Pierre Deck, ...",2010-05-28T12:18:26Z,https://www.youtube.com/watch?v=oNOOp-IK82Q
"Guy Paquinet - Black Panther Stomp - Paris, 12.12.1934","Patrick et son Orchestre, direction of Guy Paquinet Gaston Lapeyronnie, Alphonse Cox, Nöel Chiboust (tp); Guy Paquinet, Pierre ...",2010-05-23T15:17:53Z,https://www.youtube.com/watch?v=SzlurIhNB_Q
"Guy Paquinet - Miss Otis Regrets - Paris, 08.03.1935","Patrick et son Orchestre (dir. Guy Paquinet) Alex Renard, Gaston Lapeyronnie, Nöel Chiboust (tp); Guy Paquinet, Pierre Deck, ...",2010-05-29T13:03:36Z,https://www.youtube.com/watch?v=n4nO1gC1yr8
"Hildegarde &amp; Django Reinhardt - Darling, Je Vous Aime Beaucoup - Paris, March 04,1935","Patrick et son Orchestre (dir. Guy Paquinet) Alex Renard, Gaston Lapeyronnie, Nöel Chiboust (tp); Guy Paquinet, Pierre Deck, ...",2011-11-26T15:55:52Z,https://www.youtube.com/watch?v=P87Z6FRAKBk
"Django Reinhardt - From Now On - Paris, 12.12.1934","Patrick et son Orchestre de Dance Gaston Lapeyronnie, Alphonse Cox, Nöel Chiboust (tp); Guy Paquinet (alias ""Patrick) (tb,arr ...",2010-05-23T15:09:16Z,https://www.youtube.com/watch?v=13Ih-PpRgno
"Django Reinhardt - From Now On - Paris, 12.12.1934","Patrick et son Orchestre de Dance, direction of Guy Paquinet Gaston Lapeyronnie, Alphonse Cox, Nöel Chiboust (tp); Guy ...",2011-11-21T13:05:13Z,https://www.youtube.com/watch?v=NyGUsQ5k49Q
"Django Reinhardt - Black Panther Stomp - Paris, 12.17.1934","Patrick et son Orchestre, direction of Guy Paquinet Gaston Lapeyronnie, Alphonse Cox, Nöel Chiboust (tp); Guy Paquinet, Pierre ...",2011-11-21T13:38:35Z,https://www.youtube.com/watch?v=RIfhsRWmxJg
Glenn Miller and his Orchestra Radio Broadcasts (Spring 1940),Please Note: These broadcasts and images are owned by the Estate of Glenn Miller and courtesy of Sony Legacy and the Estate ...,2017-07-23T14:40:57Z,https://www.youtube.com/watch?v=w53v0SwRzEM
Mountain Music / Tommy Dorsey and his Orchestra,"Mountain Music Tommy Dorsey and his Orchestra Vocal refrain by Edythe Wright Victor 25581 (010129-1) Tommy Dorsey(tb,dir); ...",2021-07-02T22:55:07Z,https://www.youtube.com/watch?v=-VVwZlJWLD0
The Orginal Benny Goodman Quartet 1973-After You&#39;ve Gone,"(This Is A Audio Recording) This Was Recording At Carnegie Hall, NY June 29, 1973 By The Orignal Benny Goodman Quartet ...",2018-01-22T05:32:58Z,https://www.youtube.com/watch?v=ugkj25VPZxg
Lady of Mystery / Teddy Wilson and his Orchestra,"Lady of Mystery Teddy Wilson and his Orchestra Columbia 35207 B (WB 24934-A) Karl George, Harold Baker(tp); Floyd Brady(tb); ...",2021-04-03T04:16:19Z,https://www.youtube.com/watch?v=iuuPbV-dnPo
"Cotton Club Stomp (June 6, 1939) / Duke Ellington and his Famous Orchestra","Cotton Club Stomp (June 6, 1939) Duke Ellington and his Famous Orchestra Brunswick m8405 (WM 1030-A) Duke Ellington(p ...",2018-01-31T03:39:02Z,https://www.youtube.com/watch?v=7rMY20aKmpI
♪Smada / Duke Ellington and his Orchestra,"Smada Duke Ellington and his Orchestra Clarinet Solo - Jimmy Hamilton Okeh 6911 (co 47020-1) Cat Anderson, Nelson Williams, ...",2021-05-25T01:45:46Z,https://www.youtube.com/watch?v=s7-8ILJNjN0
Put That Down In Writing (1939) - Mary Ann McCall,from Decca 2762 78 rpm with Woody Herman and his orchestra Music by Harry Warren - Lyrics by Al Dubin.,2021-10-25T10:39:33Z,https://www.youtube.com/watch?v=mDLLWVtFhmo
1942 GLENN MILLER Skylark RAY EBERLE vocals - 78 RPM Record - Big Band,Glenn Miller And His Orchestra – Skylark Fox Trot - Vocal refrain by Ray Eberle Written by Johnny Mercer and Hoagy Carmichael ...,2023-01-13T11:00:08Z,https://www.youtube.com/watch?v=VZzhabpSmQ4
"Michel Warlop et son Orchestre - Serenade For A Wealthy Widow - 1937 December 21 - Swing, Paris","Michel Warlop et son Orchestre Michel Warlop (v); A.Pico (tp); André Lamory, Jean Magnien, Charles Schaaf (cl & s); Paquay (fl ...",2013-01-01T16:26:54Z,https://www.youtube.com/watch?v=NC6YVZi8aTM
"Michel Warlop &amp; Aimé Simon-Girard - L&#39;Amour En Fleur - Paris, 11.13.1934",Michel Warlop Et Son Orchestre Roger Grasset (b); Alix Combelle (ts); Michel Warlop (ldr) Charles Lisée (Bars) Aimé ...,2011-11-20T16:33:58Z,https://www.youtube.com/watch?v=6rQW9JO7XAw
"Michel Warlop &amp; Aimé Simon-Girard - Deux Cigarettes Dans L&#39;Ombre - Paris, 11.13.1934",Michel Warlop Et Son Orchestre Roger Grasset (b); Alix Combelle (ts); Michel Warlop (ldr) Charles Lisée (Bars) Aimé ...,2011-11-20T16:48:18Z,https://www.youtube.com/watch?v=2hbbc7uGkTI
"Germaine Sablon &amp; Michel Warlop - Je Voudrais Vivre - Paris, 11.13.1934",Germaine Sablon (vo) - acc. by Michel Warlop et son Orchestre: Roger Grasset (b); Alix Combelle (ts); Michel Warlop (ldr); ...,2011-11-21T12:51:46Z,https://www.youtube.com/watch?v=VsHt1fN92ro
"Serenade For A Wealthy Widow- Michel Warlop Et Son Orchestra (w/Django Reinhardt, guitar) - Swing 28","MICHEL WARLOP ET SON ORCHESTRE: A. Pico, t / Jean Magnien, cl / Andre Lamory, as / Charles Shaaf, ts / __ Paquay, ...",2025-02-12T15:54:27Z,https://www.youtube.com/watch?v=lAJV7-yp9-I
Hal Kemp and his Orchestra:  &quot;Serenade For a Wealthy Widow&quot;  (1934),"John Scott Trotter at the piano Recorded Sept. 14, 1934 and released on shellac BRUNSWICK 78 #7319 (CP B 1116) Reissued ...",2022-03-27T02:26:56Z,https://www.youtube.com/watch?v=uUlx6vaSaAs
Low Ceiling / Beryl Booker Trio,"RCA Victor 40-0147-A (D6VB3030) Mary Osborne(el-g) Beryl Booker(p) June Rotenberg(b) New York, October 8, 1946.",2017-09-15T05:14:51Z,https://www.youtube.com/watch?v=vWGTvmrW_3c
If I had you - Black &amp; White 1209A - 1944,"IF I HAD YOU (Campbell - Connelly - Shapiro) NAT JAFFE TRIO NAT JAFFE, piano; REMO PALMIERI, guitar; LEO GUARNIERI, ...",2020-11-01T16:19:08Z,https://www.youtube.com/watch?v=QePPkXi-sXs
A hundred years from today - Black &amp; White 1209B - 1944,"A HUNDRED YEARS FROM TODAY (Washington - Young) NAT JAFFE TRIO NAT JAFFE, piano; REMO PALMIERI, guitar; LEO ...",2021-09-26T18:28:12Z,https://www.youtube.com/watch?v=jXZJJVcKeBw
"Django Reinhardt &amp; Michel Warlop - Taj Mahal - Paris, 21.12.1937","Michel Warlop et son Orchestre Michel Warlop (vln); André Lamory, Jean Magnien, Charles Schaaf (cl & s); Pierre Zeppilli (p); ...",2010-05-03T12:08:26Z,https://www.youtube.com/watch?v=MN1u2-Vfuzs
Michel Warlop Et Son Orchestre - Crazy Strings,"Michel Warlop and his Orchestra Alex Renard (tp) Maurice Cizeron (as, fl, cl) Alix Combelle (ts) Michael Warlop (vln, leader) Emil ...",2020-10-22T22:26:56Z,https://www.youtube.com/watch?v=gWavP9zDA88
Michel Warlop et son Orchestre &quot;Retour&quot; (1941) French jazz violin Septour a Cordes = Raymond Legrand,"""Retour"" means ""return"" in English. This was Warlop's first recording under his own name after he returned to France after being a ...",2022-02-02T02:40:05Z,https://www.youtube.com/watch?v=0_MIhNnwS7w
Michel Warlop et son Orchestre - Budding Dancers - 1936 April 17 - Paris,"Michel Warlop et son Orchestre Alex Renard (tp); Maurice Cizeron (as,fl,cl); Alix Combelle (ts); Michael Warlop (vln, leader) Emil ...",2013-01-01T15:59:23Z,https://www.youtube.com/watch?v=MmDFhTBFbRE
Michel Warlop et son Orchestre - Crazy Strings - 1936 April 17 - Paris,"Michel Warlop et son Orchestre Alex Renard (tp); Maurice Cizeron (as,fl,cl); Alix Combelle (ts); Michael Warlop (vln, leader) Emil ...",2013-01-01T15:48:17Z,https://www.youtube.com/watch?v=QQWzWoDRNGE
"Django Reinhardt &amp; Michel Warlop - Organ Grinder&#39;s Swing - Paris, 21.12.1937","Michel Warlop et son Orchestre Michel Warlop (vln); A.Pico (tp); André Lamory, Jean Magnien, Charles Schaaf (cl &as); Paquay (fl ...",2010-05-03T11:47:03Z,https://www.youtube.com/watch?v=Qd8YWKXWdFs
Michel Warlop et son Orchestre - Cloud Castles - 1936 April 17 - Paris,"Michel Warlop et son Orchestre Alex Renard (tp); Maurice Cizeron (as,fl,cl); Alix Combelle (ts); Michael Warlop (vln, leader) Emil ...",2013-01-01T15:17:38Z,https://www.youtube.com/watch?v=iMk-6fh7Vsk
"Django Reinhardt - Michel Warlop - Serenade For A Wealthy Widow - Paris, 21.12.1937","Michel Warlop et son Orchestre Michel Warlop (vln); A.Pico (tp); André Lamory, Jean Magnien, Charles Schaaf (cl & s); Paquay (fl ...",2010-05-03T11:39:23Z,https://www.youtube.com/watch?v=MVukNj-Lj5k
Michel Warlop et son Orchestre - Magic Strings - 1936 April 17 - Paris,"Michel Warlop et son Orchestre Alex Renard (tp); Maurice Cizeron (as,fl,cl); Alix Combelle (ts); Michael Warlop (vln, leader) Emil ...",2013-01-01T15:34:03Z,https://www.youtube.com/watch?v=mHXsRhTfWCg
"Django Reinhardt &amp; Michel Warlop - Cloud Castles - Paris, 17.04.1936","Michel Warlop et son Orchestre Alex Renard (tp); Maurice Cizeron (as,fl,cl); Alix Combelle (ts); Michael Warlop (vln, leader) Emil ...",2010-06-09T19:15:27Z,https://www.youtube.com/watch?v=xPYF2ms0-fE
"Django Reinhardt &amp; Michel Warlop - Novel Pets - Paris, 17.04.1936","Michel Warlop et son Orchestre Alex Renard (tp); Maurice Cizeron (as,fl,cl); Alix Combelle (ts); Michael Warlop (vln, leader) Emil ...",2010-06-10T11:57:15Z,https://www.youtube.com/watch?v=2tL6MtTRnaI
"Django Reinhardt - Michel Warlop - Budding Dancers - Paris, 17.04.1936","Michel Warlop et son Orchestre Alex Renard (tp); Maurice Cizeron (as,fl,cl); Alix Combelle (ts); Michael Warlop (vln, leader) Emil ...",2010-06-10T12:02:57Z,https://www.youtube.com/watch?v=UHMq0_-9PWg
Michel Warlop Et Son Orchestre - Strange Harmony.,"HI, we would like to present you something new musically speaking. Our tracks are not present in the YouTube library. Our music ...",2019-01-30T09:13:22Z,https://www.youtube.com/watch?v=ucSg1hhzumg
Michel Warlop Et Son Orchestre   All For The Swing Tiger Rag,"HI, we would like to present you something new musically speaking. Our tracks are not present in the YouTube library. Our music ...",2019-07-07T10:13:28Z,https://www.youtube.com/watch?v=GawYq3W6LEc
Michel Warlop Et Son Orchestre - Strange Harmony,"HI, we would like to present you something new musically speaking. Our tracks are not present in the YouTube library. Our music ...",2019-01-30T09:13:26Z,https://www.youtube.com/watch?v=Jh6Vu9hTT4U
"Django Reinhardt &amp; Michel Warlop - Magic Strings - Paris, 17.04.1936","Michel Warlop et son Orchestre Alex Renard (tp); Maurice Cizeron (as,fl,cl); Alix Combelle (ts); Michael Warlop (vln, leader) Emil ...",2010-06-09T19:23:26Z,https://www.youtube.com/watch?v=L7LUiEEM2tc
"Django Reinhardt - Michel Warlop - Sweet Serenade - Paris, 17.04.1936","Michel Warlop et son Orchestre Alex Renard (tp); Maurice Cizeron (as,fl,cl); Alix Combelle (ts); Michael Warlop (vln, leader) Emil ...",2010-06-09T21:05:56Z,https://www.youtube.com/watch?v=NNcAZZ_SBBw
Michel Warlop Et Son Orchestre - Tea For Two,"HI, we would like to present you something new musically speaking. Our tracks are not present in the YouTube library. Our music ...",2019-01-04T11:26:45Z,https://www.youtube.com/watch?v=L57TVnC2Dls
Michel Warlop Et Son Orchestre - Escape,"HI, we would like to present you something new musically speaking. Our tracks are not present in the YouTube library. Our music ...",2019-01-29T11:32:58Z,https://www.youtube.com/watch?v=UgqsJUFbWq8
Michel Warlop Et Son Orchestre - Serenade,"HI, we would like to present you something new musically speaking. Our tracks are not present in the YouTube library. Our music ...",2019-01-30T09:13:28Z,https://www.youtube.com/watch?v=DFRDN3hc9rU
Strange Harmony,Provided to YouTube by The Orchard Enterprises Strange Harmony · Michel Warlop Et Son Orchestre 100 Accordion Jazz ...,2014-12-25T15:32:08Z,https://www.youtube.com/watch?v=p6tGrhSxrck
Michel Warlop Et Son Orchestre Alias The Chicago Syncopators - Harlem Hurricane,"HI, we would like to present you something new musically speaking. Our tracks are not present in the YouTube library. Our music ...",2019-01-17T11:31:12Z,https://www.youtube.com/watch?v=dwd4k74cshQ
Michel Warlop Et Son Orchestre Alias The Chicago Syncopators - Harlem Hurricane (Version 2),"HI, we would like to present you something new musically speaking. Our tracks are not present in the YouTube library. Our music ...",2019-01-17T12:51:32Z,https://www.youtube.com/watch?v=3sWByYXRaR4
Michel Warlop Et Son Orchestre Alias The Chicago Syncopators - Harlem Hurricane (Version 2),"HI, we would like to present you something new musically speaking. Our tracks are not present in the YouTube library. Our music ...",2019-01-17T11:30:58Z,https://www.youtube.com/watch?v=PbI7mxz4-_8
Michel Warlop Et Son Orchestre - Little Girl Blue,"HI, we would like to present you something new musically speaking. Our tracks are not present in the YouTube library. Our music ...",2019-01-17T11:30:39Z,https://www.youtube.com/watch?v=-b44g3xxB_Y
Michel Warlop Et Son Orchestre   Blue Interlude,"HI, we would like to present you something new musically speaking. Our tracks are not present in the YouTube library. Our music ...",2019-07-07T10:13:28Z,https://www.youtube.com/watch?v=Qp0Wtgu0wdw
Michel Warlop Et Son Orchestre All For The Swing Tiger Rag,"HI, we would like to present you something new musically speaking. Our tracks are not present in the YouTube library. Our music ...",2021-08-31T11:32:38Z,https://www.youtube.com/watch?v=dFi7lx4Z7TQ
Michel Warlop Et Son Orchestre - Ça Me Tracasse (Double Trouble),"HI, we would like to present you something new musically speaking. Our tracks are not present in the YouTube library. Our music ...",2019-01-29T11:32:32Z,https://www.youtube.com/watch?v=kAUe6Tvc-z4
Michel Warlop Et Son Orchestre - Serenade For A Wealthy Widow,"HI, we would like to present you something new musically speaking. Our tracks are not present in the YouTube library. Our music ...",2019-01-04T11:26:18Z,https://www.youtube.com/watch?v=LoF1C_bprxE
DUKE ELLINGTON AND HIS ORCHESTRA;｛ TRUCKIN&#39; ｝1935.,"BRUNSWICK 7514 DUKE ELLINGTON'S FAMOUS ORCH TRUCKIN' MX：B-17975-1 Duke Ellington, p, a, dir. Arthur Whetsel ...",2022-05-24T17:00:31Z,https://www.youtube.com/watch?v=edFELZZ3IOU
Truckin&#39; / Duke Ellington and his Famous Orchestra,Truckin' Duke Ellington and his Famous Orchestra Vocal Chorus by Ivie Anderson Brunswick 7514 (B-17975-1) Ivie Anderson(vo) ...,2019-07-10T01:12:42Z,https://www.youtube.com/watch?v=4XD6N8-Ciws
Duke Ellington Orch - Creole Love Call (+ Adelaide Hall interview),"Duke Ellington And His Orchestra play the classic ""Creole Love Call"", with Adelaide Hall singing superb counter melodies. It's pity ...",2021-04-22T10:24:11Z,https://www.youtube.com/watch?v=EggkVlVKCa8
&quot;Vote For Mister Rhythm&quot; - Ella Fitzgerald/Chick Webb (1936),Ella Fitzgerald (vocal) with Chick Webb and His Orchestra. Recorded in New York City on October 29th 1936. The song was ...,2024-11-09T16:46:25Z,https://www.youtube.com/watch?v=XGHkAyYJ3VU
Blues In The Dark / Count Basie and his Orchestra,"New York, January 3, 1938 Sessions(2) Blues In The Dark Count Basie and his Orchestra Vocal Chorus by James Rushing Decca ...",2018-01-08T06:44:19Z,https://www.youtube.com/watch?v=JULtTIO1Wkg
ARTIE SHAW AND HIS ORCHESTRA { ST JAMES INFIRMARY } ( PT.1) ( PT.2)  1941.,Victor 27895A /B ARTIE SHAW & HIS ORCH ST JAMES INFIRMARY MX; 068195=2 ( PT.1) 068196=2 ( PT.2) ARTIE SHAW AND ...,2022-10-27T17:00:16Z,https://www.youtube.com/watch?v=PoE3SKICLi8
"Artie Shaw and His Orchestra &quot;Comin&#39; On&quot; (1939) Tony Pastor, George Auld, John Best, Bernie Privin","Artie Shaw was born Arthur Jacob Arshawsky on May 23, 1910, in New York City's Lower East Side, the only child of Jewish ...",2021-10-28T02:42:45Z,https://www.youtube.com/watch?v=f4q26XysmLs
CHARLIE BARNET West End Blues (1945) Big Band Jazz Instrumental - 78 RPM record,Charlie Barnet And His Orchestra – West End Blues Instrumental Fox Trot - Saxaphone Solo by Charlie Barnet Written by King ...,2022-11-14T22:00:33Z,https://www.youtube.com/watch?v=lX_LK1urr7k
1940 EARL HINES Number 19 JAZZ INSTRUMENTAL - 78 RPM Record,Earl Hines And His Orchestra – Number 19 Fox Trot Written by Earl Hines 78 RPM audio transfer from Bowness Arts' collection of ...,2023-04-25T22:00:31Z,https://www.youtube.com/watch?v=f2Kx3ZzctXk
"Coleman Hawkins - Body And Soul - Concert, &quot;Carnegie Hall&quot;, New York, September 18, 1949","Coleman Hawkins - Jazz at the Philharmonic Coleman Hawkins (ts); Hank Jones (p); Ray Brown (b); Buddy Rich (d) Concert, ...",2013-10-23T14:57:53Z,https://www.youtube.com/watch?v=49lYG20t7qU
"Jazz At The Philharmonic - Philharmonic Auditorium, Los Angeles, July 30, 1944","Illinois Jacquet (ts); Nat ""King"" Cole (p); Red Callender (b); Lee Young (d) Recorded July 30, 1944 at the ""Philharmonic ...",2017-10-12T13:03:39Z,https://www.youtube.com/watch?v=bgJvT_ipTaQ
78 RPM - Norman Granz&#39; Jazz At The Philharmonic Vol. 4 (1946) Disc Records ‎– 504 - Illinois Jacquet,DISCLAIMER* NO COPYRIGHT INFRINGEMENT INTENDED. I DO NOT OWN THE RIGHTS TO MUSIC IN THIS VIDEO. I DO NOT ...,2017-10-24T15:50:59Z,https://www.youtube.com/watch?v=jwKGuUbOycI
Fletcher Henderson - Clarinet Marmalade - N.Y.C. 19.03.1931,Fletcher Henderson And His Orchestra Rex Stewart (cnt) Russell Smith Bobby Stark (tp) Benny Morton Claude Jones (tb) Russell ...,2012-07-16T11:01:04Z,https://www.youtube.com/watch?v=wFHlVwMeg3I
Tribute jazz at the philharmonic,,2014-05-20T18:17:44Z,https://www.youtube.com/watch?v=-Ri0rlgwGbI
Lester Young - Lester&#39;s Blues  (restored vinyl LP Jazz at the Philharmonic Carnegie Blues),"""You'll never find a rainbow looking down."" Charlie Chaplin From Side B of the jazz LP Jazz at the Philharmonic/Lester Young ...",2021-10-08T22:30:03Z,https://www.youtube.com/watch?v=mY9x88QE7fI
JAZZ AT THE PHILHARMONIC Vol. 9 - LP 10&#39; Polegadas Mono [1947] Full Album,"DISCO É CULTURA Tracklist: A - Mordido (Part 1) 00:00 B - Mordido (Part 2) 09:02 Recorded live at Carnegie Hall NYC, ...",2020-10-08T18:30:46Z,https://www.youtube.com/watch?v=KBIAxpm7H-E
"Glenn Miller - June 23rd, 1942",This is a program by Glenn Miller and his Orchestra broadcast from New York City over the CBS radio network on Tuesday June ...,2018-06-23T15:14:32Z,https://www.youtube.com/watch?v=yvHDWV91uRk
Fletcher Henderson And His Orchestra - TNT (Louis!),"Fletcher Henderson and his Orchestra play a spirited version of Elmer Schoebel's ""T.N.T."", with solos by Louis Armstrong, ...",2020-09-11T18:48:10Z,https://www.youtube.com/watch?v=obtRPWzbak8
1940 DUKE ELLINGTON Dusk A DUKE ELLINGTON PANORAMA - 78 RPM Record,"Duke Ellington And His Famous Orchestra – The Mooche Fox Trot Written by Duke Ellington Recorded May 28, 1940 78 RPM ...",2023-11-02T10:00:29Z,https://www.youtube.com/watch?v=c8gnqbKUZMY
Hep Boyds,Provided to YouTube by The Orchard Enterprises Hep Boyds · Boyd Raeburn And His Orchestra 1944 ℗ 1994 Circle Records ...,2015-05-19T13:24:22Z,https://www.youtube.com/watch?v=WIIV24Vq32k
East Side West Side (Sidewalks of New York) - Charlie Barnet and His Orchestra Vocal by Bunny Briggs,Apollo AP-3130 Apollo Records.,2018-04-30T02:01:46Z,https://www.youtube.com/watch?v=YqX88Kb_U4c
Charlie Spivak - One night stand with Charlie Spivak (1976 LP),Joyce record which features two Charlie Spivak and his orchestra broadcast: First Broadcast (Complete) - Feb. 15 1945 Second ...,2023-08-08T09:04:09Z,https://www.youtube.com/watch?v=YiVYlNPjsA4
Lionel Hampton and His Orchestra - Ain&#39;t Cha Comin&#39; Home (1939),Recorded in New York on 9th June 1939 Personnel: Ziggy Elman-trumpet / Hymie Schertzer-alto sax / Russell Procope-soprano ...,2023-01-30T07:01:52Z,https://www.youtube.com/watch?v=sQCDPf1Bgoc
“Dusk in Upper Sandusky” by Jimmy Dorsey and His Orchestra 1938,Dusk in Upper Sandusky” by Jimmy Dorsey and His Orchestra 1938 Drum Solo: Ray McKinley Decca 1981-A Another side that is ...,2022-02-16T13:30:01Z,https://www.youtube.com/watch?v=ayyijvpUtSE
Tommy Dorsey And His Orchestra - Smoke Gets In Your Eyes.,"HI, we would like to present you something new musically speaking. Our tracks are not present in the YouTube library. Our music ...",2017-06-29T14:37:30Z,https://www.youtube.com/watch?v=XmwuJinZuOo
"Lionel Hampton and his orchestra, Soundies 1950-1952 (colorized)","Midnight Sun (1952) 00:00 Beulah's boogie (1950) 3:25 Love you like mad, love you like crazy (1951) 6:50 Ding Dong baby ...",2021-10-09T15:33:31Z,https://www.youtube.com/watch?v=SrlSjSQB8kk
Lionel Hampton and His Orchestra - Ding Dong Baby (1956),"""Ding Dong Baby"" Written and Performed by Lionel Hampton and His Orchestra filmed at the Apollo Theatre in Harlem, New York ...",2013-07-17T12:56:01Z,https://www.youtube.com/watch?v=WyMKfsmMp3Q
Jazz Club U.S.A. (1950) (Episode 2),"Jazz Club USA # 02 Host: Leonard Feather. Date: 1950-12-31 Lionel Hampton and his Orchestra: Oh babe 1:27 Los Angeles, ...",2017-12-20T23:09:48Z,https://www.youtube.com/watch?v=ftwKXR-kXFQ
Jazz Club U.S.A. (1951) (Episode 21) (Young Musicians),Jazz Club USA # 21 – Young Musicians Host: Leonard Feather Date: 1951-05-20 Stan Getz Quintet: Always 1:29 Sweet Miss 5:40 ...,2018-08-10T05:28:10Z,https://www.youtube.com/watch?v=IX4ZypmtxB4
Whispering - Benny Goodman Quartet - Victor 25481-A,"BENNY GOODMAN QUARTET: Benny Goodman, cl / Teddy Wilson, p / Gene Krupa, d / Lionel Hampton, vib. 03515-1 Whispering ...",2022-12-17T16:58:23Z,https://www.youtube.com/watch?v=NLa8zvmiC-w
The Benny Goodman Quartet 1959-I Got Rhythm,"The Song Is Called I Got Rhythm Recorded December 17, 1959 Featuring Benny Goodman On Clarinet, Gene Krupa On Drums, ...",2018-01-22T05:47:57Z,https://www.youtube.com/watch?v=km0ddVwIGms
"Norman Granz&#39; Jam Session 1953 - Oh, Lady Be Good!","Norman Granz' Jam Session - Oh, Lady Be Good! (1953) Personnel: Harry Edison (trumpet), Buddy DeFranco (clarinet), Benny ...",2020-11-26T16:48:35Z,https://www.youtube.com/watch?v=mwQO4tY_48w
"Benny Goodman Quartet 6/29/1973 &quot;Lady Be Good&quot; Slam Stewart , Gene Krupa at Carnegie Hall",The Original Benny Goodman Quartet: Benny Goodman - clarinet Lionel Hampton - vibes Teddy Wilson - piano Gene Krupa ...,2022-02-17T18:38:38Z,https://www.youtube.com/watch?v=wt8J8OfoLT8
Jazz At The Philharmonic Vol.11 - The Man I Love (1946),"Dizzy Gillespie (trumpet), Lester Young and Charlie Ventura (tenor saxophone), Willie Smith (alto saxophone), Mel Powell (piano) ...",2017-07-30T05:43:59Z,https://www.youtube.com/watch?v=4Q79NZ2lwV8
Lester Young -  I Got Rhythm (from vinyl LP Jazz at the Philharmonic Lester Young Carnegie Blues),"Jazz at the Philharmonic Lester Young Carnegie Blues Lester Willis Young (August 27, 1909 – March 15, 1959) Arguably, Young ...",2022-08-08T19:00:20Z,https://www.youtube.com/watch?v=rKErkL_HQy0
1942 SHEP FIELDS Whisper That You Love Me KEN CURTIS vocals - 78 RPM Record,Shep Fields And His New Music – Whisper That You Love Me Vocal refrain by Ken Curtis Written by John Klenner and Hans ...,2023-05-08T10:00:21Z,https://www.youtube.com/watch?v=V66NTZwYxj0
1942 SHEP FIELDS Whisper That You Love Me KEN CURTIS vocals - 78 RPM Record,Shep Fields And His New Music – Whisper That You Love Me Vocal refrain by Ken Curtis Written by John Klenner and Hans ...,2023-08-04T10:00:59Z,https://www.youtube.com/watch?v=xrDAxnFwuSw
1942 SHEP FIELDS Nursie! Nursie! KEN CURTIS vocals - 78 RPM Record,Shep Fields And His New Music – Nursie! Nursie! Vocal refrain by Ken Curtis and Chorus Written by Art Noel and Don Pelosi 78 ...,2023-05-08T22:00:07Z,https://www.youtube.com/watch?v=E5DUYHLPJqw
Philippe Brun Swing Band: BOUNCIN&#39; AROUND (1938),"Philippe Brun And His Swing Band: Bouncin' Around (Gus Deloof). Swing SW 54 (mx. No.: OSW 7); Paris, March 8, 1938 ...",2008-08-22T17:42:04Z,https://www.youtube.com/watch?v=vHSYpR0sWKk
Philippe Brun Swing Band (1937): COLLEGE STOMP,"Philippe Brun And His Swing Band: College Stomp Swing SW 15 (Mx. No.: OLA 2308-1) Paris, December 28, 1937 Personnel as ...",2008-12-21T04:24:56Z,https://www.youtube.com/watch?v=TD6QqsZzxBA
Philippe Brun And His Swing Band   Bouncing Around,"HI, we would like to present you something new musically speaking. Our tracks are not present in the YouTube library. Our music ...",2018-12-18T09:13:38Z,https://www.youtube.com/watch?v=Pphwgl23kDM
Philippe Brun And His Swing Band   College Stomp,"HI, we would like to present you something new musically speaking. Our tracks are not present in the YouTube library. Our music ...",2019-01-05T12:36:43Z,https://www.youtube.com/watch?v=WwcDiNLmDB8
Philippe Brun and his Swing Band - College Stomp - SWING SW15 A OLA 2308,"Philippe Brun and his Swing Band playing ""College Stomp"", recorded on Dec 28, 1937 in Paris, France (Django Reinhardt on ...",2012-04-05T18:50:26Z,https://www.youtube.com/watch?v=uxLsft7s5dA
Philippe Brun And His Swing Band - College Stomp,"HI, we would like to present you something new musically speaking. Our tracks are not present in the YouTube library. Our music ...",2019-01-05T12:36:49Z,https://www.youtube.com/watch?v=qXjpmwcqNCA
Philippe Brun And His Swing Band - Gabriel&#39;s Swing,"HI, we would like to present you something new musically speaking. Our tracks are not present in the YouTube library. Our music ...",2018-12-18T09:14:26Z,https://www.youtube.com/watch?v=7R7HWUJWftg
Philippe Brun And His Swing Band - Doin&#39; The New Low-Down,"HI, we would like to present you something new musically speaking. Our tracks are not present in the YouTube library. Our music ...",2018-12-18T09:14:19Z,https://www.youtube.com/watch?v=XRCuFEfdaXk
Philippe Brun And His Swing Band   Ridin&#39; Along The Moscova,"HI, we would like to present you something new musically speaking. Our tracks are not present in the YouTube library. Our music ...",2018-12-18T09:14:05Z,https://www.youtube.com/watch?v=u2xoUPaQc8k
Philippe Brun And His Swing Band - Gotta Date In Louisiana,"HI, we would like to present you something new musically speaking. Our tracks are not present in the YouTube library. Our music ...",2018-12-18T09:14:36Z,https://www.youtube.com/watch?v=l0sZuHLQ4e0
Hildegarde - Walzing With A Dream - 1935 March 8 - Paris,"Patrick et son Orchestre (dir. Guy Paquinet) Alex Renard, Gaston Lapeyronnie, Nöel Chiboust (tp); Guy Paquinet, Pierre Deck, ...",2010-05-29T13:12:37Z,https://www.youtube.com/watch?v=D5BAS9dto1A
"Michel Warlop et son Orchestre - Taj Mahal - 1937 December 21 - Swing, Paris","Michel Warlop et son Orchestre Michel Warlop (v); André Lamory, Jean Magnien, Charles Schaaf (cl & s); Pierre Zeppilli (p); ...",2013-01-01T16:35:42Z,https://www.youtube.com/watch?v=9PEj9WVkUuQ
"Hubert Rostaing Et Son Orchestre - Parc Monceau - Paris, 5 Mars 1941",Hubert Rostaing Et Son Orchestre Tony Rovira (b); Written By - Hubert Rostaing (cl); Pierre Fouad (dm); Joseph Reinhardt (g); ...,2012-12-30T15:54:47Z,https://www.youtube.com/watch?v=EbAUCizn4Bs
Duke Ellington and his Orchestra: Doin&#39; The New Low Down 1928,via YouTube Capture.,2016-02-07T17:38:42Z,https://www.youtube.com/watch?v=CDlPYlKWnmI
Trio De Saxophones Alix Combelle - Sur Les Bords De L&#39;alamo (On The Alamo),"HI, we would like to present you something new musically speaking. Our tracks are not present in the YouTube library. Our music ...",2018-09-06T14:33:36Z,https://www.youtube.com/watch?v=HXr8fb5a94I
Phil Harris and his Orchestra,"Woodman, Woodman Spare That Tree. Novelty song from 1947.",2010-02-05T11:50:04Z,https://www.youtube.com/watch?v=akoeUujESNU
"Sweet Georgia Brown (Take 2) - Harry James, 1939","Sweet Georgia Brown (Take 2) - Harry James and His Orchestra Recorded February 20, 1939 in New York City Released on ...",2022-04-10T22:13:11Z,https://www.youtube.com/watch?v=q8-IJdIaCV0
HARRY JAMES AND HIS ORCHESTRA { CIRIBIRIBIN } 1939.,"COLUMBIA 36226 HARRY JAMES AND HIS ORCH CIRIBIRIBIN MX; B-24514-1 ORIGINAL： BRUNSWICK 8327, HARRY ...",2022-10-25T17:00:22Z,https://www.youtube.com/watch?v=NGOIadN0DlA
"Super Chief - Harry James, 1940","Super Chief - Harry James and his Orchestra Recorded c. May 1940 in New York City Released on Varsity 8419, Elite 5045 and ...",2017-09-17T17:17:34Z,https://www.youtube.com/watch?v=x1UfHaC5eW0
"Back Beat Boogie - Harry James, 1939 (Original Studio Version)","Back Beat Boogie - Harry James and His Orchestra Recorded November 30, 1939 in Hollywood, California Released in 1939 on ...",2018-02-10T19:27:32Z,https://www.youtube.com/watch?v=ECfAZhd7sqE
Harry James And His Orchestra - Blame It On My Last Affair,"HI, we would like to present you something new musically speaking. Our tracks are not present in the YouTube library. Our music ...",2018-09-27T12:51:04Z,https://www.youtube.com/watch?v=rqTpbqxGwjk
"Answer Man - Harry James, 1941","Answer Man - Harry James and His Orchestra Recorded January 22, 1941 in New York City Released on Columbia 36023 and ...",2021-05-31T22:32:50Z,https://www.youtube.com/watch?v=QymWW8p1St4
Harry James And His Orchestra - Sweet Georgia Brown,"HI, we would like to present you something new musically speaking. Our tracks are not present in the YouTube library. Our music ...",2018-09-27T12:56:51Z,https://www.youtube.com/watch?v=JahGvQOPnPo
Back Bay Shuffle (2 Version) - Artie Shaw &amp; His Orchestra - Montgomery Ward M-7524 &amp; Radio Air Shot,"ARTIE SHAW AND HIS ORCHESTRA Artie Shaw, cl, dir. Chuck Peterson, John Best, Claude Bowen, t /George Arus, Ted Vesley, ...",2023-10-13T20:30:24Z,https://www.youtube.com/watch?v=PonaTMHYnpE
"The Clipper - Harry James, 1942","The Clipper - Harry James and His Orchestra Recorded January 29, 1942 in New York City Released on Columbia 36533 (Matrix ...",2018-08-25T20:46:39Z,https://www.youtube.com/watch?v=ubi1Dxw7XfI
Little White Lies,Little White Lies · Harry James and His Orchestra Harry James and His Orchestra - Big Bands ℗ 2016 Bella Musica Edition ...,2018-05-23T02:24:20Z,https://www.youtube.com/watch?v=VV78c0XnSYg
"Four Or Five Times - Harry James, 1940","Four or Five Times - Harry James and his Orchestra Recorded c. May 1940 in New York City Released on Varsity 8298, Elite 5028 ...",2017-09-17T16:58:06Z,https://www.youtube.com/watch?v=twgYjK_G7N0
"Big John&#39;s Special - Harry James, 1950 (Studio Version)","Big John's Special - Harry James and his Orchestra Recorded July 10, 1950 in New York City Released in 1950 on Columbia CL ...",2018-02-04T16:51:32Z,https://www.youtube.com/watch?v=aFBugUylKSk
"Crazy Rhythm - Harry James, 1942 (Original Studio Version)","Crazy Rhythm - Harry James and His Orchestra Recorded February 24, 1942 in New York City Released in 1942 on Columbia ...",2018-02-12T03:14:57Z,https://www.youtube.com/watch?v=KUQKIJwy-Cg
The Stevedore&#39;s Serenade / Duke Ellington and his Famous Orchestra,"The Stevedore's Serenade Duke Ellington and his Famous Orchestra Brunswick m8174 (M846-1) Duke Ellington(p,arr,dir) ...",2020-03-16T07:48:54Z,https://www.youtube.com/watch?v=pno_xjT9D1o
1941 TOMMY DORSEY Without A Song FRANK SINATRA vocals - 78 RPM Record,"Tommy Dorsey And His Orchestra – Without A Song Vocal refrain by Frank Sinatra Written by Billy Rose, Edward Eliscu, Vincent ...",2022-08-15T06:00:09Z,https://www.youtube.com/watch?v=HF-uBoi9Msc
King Porter Stomp,Provided to YouTube by Legacy/Columbia King Porter Stomp · Benny Goodman And His Orchestra Benny Goodman On The Air ...,2017-02-10T04:25:41Z,https://www.youtube.com/watch?v=lJaIJc0F_Ss
Jimmy Dorsey and His Orchestra - Grand Central Getaway &amp; All the Things You Ain&#39;t,Released March 1945.,2019-02-13T15:20:13Z,https://www.youtube.com/watch?v=o5WSgUe6i6U
1936 BING CROSBY I Can&#39;t Escape From You JIMMY DORSEY Orchestra - 78 RPM Record,Bing Crosby With Jimmy Dorsey And His Orchestra – I Can't Escape From You Vocal with Orchestra Accompaniment From the ...,2023-06-25T22:00:20Z,https://www.youtube.com/watch?v=eekK1KoZwnk
1941 ARTIE SHAW Traffic Jam  BIG BAND JAZZ Instrumental - 78 RPM Record,Artie Shaw And His Orchestra – Traffic Jam Fox Trot Written by Teddy McRae and Artie Shaw 78 RPM audio transfer from ...,2023-02-27T23:00:07Z,https://www.youtube.com/watch?v=Fn_BWyUSvEA
Count Basie-Blame It On My Last Affair,"Album "" The Count Basie Story "" Disc 2 Count Basie and His Orchestra: Ed Lewis, Shad Collins, Buck Clayton, Harry Edison (tp); ...",2012-12-20T22:20:29Z,https://www.youtube.com/watch?v=DYuRaddWvGk
Glenn Miller and His Orchestra - Moonlight Bay,"Recorded in New York on 22nd March 1937 Personnel: Charlie Spivak, Manny Klein and Sterling Bose-trumpet / Glenn Miller, ...",2020-02-29T06:38:03Z,https://www.youtube.com/watch?v=7scRxwiw2Ls
Fletcher Henderson And His Orchestra &quot;Go &#39;Long Mule&quot;  (1924) - Columbia 228-D.,"Fletcher Henderson And His Orchestra: Louis Armstrong, Elmer Chambers, Howard Scott (tp) Charlie Green (tb) Cecil Scott (cl,as) ...",2020-07-18T11:26:34Z,https://www.youtube.com/watch?v=OlNkoH17-Rk
"Gene Krupa Quartet at JATP Paris 9/10/1959 &quot;Undecided&quot; Eddie Wasserman, Ronnie Ball, Jimmy Gannon",Eddie Wasserman - tenor Ronnie Ball - piano Jimmy Gannon - bass Gene Krupa - drums Recorded at Jazz at the Philharmonic at ...,2022-04-30T20:32:38Z,https://www.youtube.com/watch?v=30V0_YFeR-Q
"Glenn Miller - November 16th, 1939","On Thursday November 16th, 1939 Glenn Miller and his Orchestra began the band's second engagement of the year at The ...",2018-11-16T12:31:31Z,https://www.youtube.com/watch?v=77JWEiX5QSc
Early Glenn Miller and his Orchestra NBC Broadcasts,Here are some selections of Glenn Miller's NBC radio broadcasts from the Paradise Restaurant in New York City and the ...,2017-11-10T16:31:35Z,https://www.youtube.com/watch?v=aep6ru59KXw
Glenn Miller &amp; his Orchestra at the Meadowbrook Ballroom (3/23/39),"Here is a live broadcast of Glenn Miller and his Orchestra from the Meadowbrook Ballroom in Cedar Grove, NJ as heard on the ...",2017-06-22T00:08:30Z,https://www.youtube.com/watch?v=3aFZeH7_yi4
Tommy Dorsey And His Orchestra- &quot;Beale Street Blues&quot;,"Tommy Dorsey And His Orchestra- ""Beale Street Blues"". Recorded: May 26, 1937. Transfer done on an Audio-Technica ...",2017-01-06T04:28:56Z,https://www.youtube.com/watch?v=WVNwOe3mBZg
Lionel Hampton And His Orchestra - In The Bag,"HI, we would like to present you something new musically speaking. Our tracks are not present in the YouTube library. Our music ...",2018-05-02T15:07:42Z,https://www.youtube.com/watch?v=rJqvT16Jdu8
1930 DUKE ELLINGTON Ring Dem Bells - with Cootie Williams &amp; Charlie Barnet - 78 RPM Record,Duke Ellington And His Orchestra – Ring Dem Bells Scat chorus by Cootie Williams. Bells played by Charlie Barnet. Label: Victor ...,2022-12-26T10:00:02Z,https://www.youtube.com/watch?v=0c9BEK2_h1M
Harry James And His Orchestra - Sleepy Time Gal,"HI, we would like to present you something new musically speaking. Our tracks are not present in the YouTube library. Our music ...",2018-09-27T12:56:13Z,https://www.youtube.com/watch?v=X7_tybUrFfI
Fletcher Henderson And His Orchestra &quot;Old Black Joe&#39;s Blues&quot;  (1923) - Vocalion 14740.,"Fletcher Henderson And His Orchestra: Elmer Chambers, Howard Scott (cnt) prob Teddy Nixon (tb) Don Redman (cl,as) Coleman ...",2020-07-23T01:35:15Z,https://www.youtube.com/watch?v=KzXYqFF_4Vc
Billie Holiday With Teddy Wilson And His Orchestra - Jim,"HI, we would like to present you something new musically speaking. Our tracks are not present in the YouTube library. Our music ...",2018-05-28T12:28:47Z,https://www.youtube.com/watch?v=HRXRlefrPqA
1947 GENE KRUPA Disc Jockey Jump BIG BAND JAZZ Instrumental - 78 RPM Record,Gene Krupa And His Orchestra – Disc Jockey Jump Fox Trot Written by Gene Krupa and Gerry Mulligan 78 RPM audio transfer ...,2022-08-27T00:00:09Z,https://www.youtube.com/watch?v=vNooW1usXB0
Harry James And His Orchestra - My Buddy,"HI, we would like to present you something new musically speaking. Our tracks are not present in the YouTube library. Our music ...",2018-09-27T12:55:37Z,https://www.youtube.com/watch?v=vLFrtNbYoZQ
"Count Basie And His Orchestra - Baby, Don&#39;t Tell On Me","HI, we would like to present you something new musically speaking. Our tracks are not present in the YouTube library. Our music ...",2018-10-12T10:17:47Z,https://www.youtube.com/watch?v=-xLbC2rP3Ig
"“Glenn Miller On The Air” radio show (hour 1 of 3) Rick Colom, host (see song list below)","To commemorate his 1st of March 1904 birth, this three-hour 2004 radio program “Glenn Miller On The Air” was produced as a ...",2019-05-03T22:52:19Z,https://www.youtube.com/watch?v=V8NrF-4srjs
"&quot;Max Roach Quartet&quot; live - Roma, 1978","Max Roach Quartet live in Roma, Cinema Araldo, November 11, 1978 Max Roach Quartet: Billy Harper (tenor sax), Cecil ...",2020-03-12T15:31:54Z,https://www.youtube.com/watch?v=6XoZkGJnAIU
"Miles Davis- February 21, 1953 Howard Theatre, Washington DC","February 21, 1953 Howard Theatre, Washington DC All-Star jam session: Miles Davis (tpt); Allen Eager (ts); Terry Swope (p); ...",2016-02-21T11:18:12Z,https://www.youtube.com/watch?v=2xe32L0SuMw
[1977]  Max Roach Quartet　テープＡ面,マックス・ローチ・クァルテット・ライブ ビリー・ハーパー：ts セシル・ブリッジウオーター：tp レジー・ワークマン：b ...,2021-06-11T06:10:44Z,https://www.youtube.com/watch?v=MS4ynkzV33k
"Gene Krupa Quartet 10/2/1955 &quot;Sing, Sing, Sing&quot; JATP Chicago-Eddie Shu, Bobby Scott, Whitey Mitchell","In my opinion, this Chicago performance was the greatest of all the Jazz At The Philharmonic Quartet performances. Recorded at ...",2020-07-31T04:00:56Z,https://www.youtube.com/watch?v=s6YQDmkAH1w
"All Star jam session with Miles Davis- January 17, 1949  WPIX Studio, NYC","January 17, 1949 WPIX Studio, New York City, New York All-Star jam session: Miles Davis (tpt -1, 3, 5); Kai Winding (tb -1, 3, 5); ...",2016-01-17T10:59:50Z,https://www.youtube.com/watch?v=CfyBFm3_a6U
Radio-Recording No. 203  / Duke Ellington and his Orchestra,"Treasury Department U.S. Saving Bonds Division Radio-Recording No. 203 ""Guest Star"" Duke Ellington and his Orchestra with ...",2019-12-08T04:13:44Z,https://www.youtube.com/watch?v=XSNxAnzUfM0
It&#39;s Been A Long Long Time / Harry James and his Orchestra Vocal by Kitty Kallen,"It's Been A Long Long Time Harry James and his Orchestra Vocal by Kitty Kallen V-Disc No.535A (VP 1488) Liederkranz Hall, ...",2022-03-14T12:05:30Z,https://www.youtube.com/watch?v=UKaFRr-tIIE
Song of the Wanderer / Harry James and his Orchestra Vocal Chorus by Helen Humes,Song of the Wanderer Harry James and his Orchestra Vocal Chorus by Helen Humes Brunswick 8067 (B 22250-1) Harry ...,2022-03-15T01:48:18Z,https://www.youtube.com/watch?v=sPkGdTVPYtM
Philippe Brun And His Swing Band   Gotta Date In Louisiana,"HI, we would like to present you something new musically speaking. Our tracks are not present in the YouTube library. Our music ...",2018-12-18T09:13:56Z,https://www.youtube.com/watch?v=r5P5UgYlZaE
Sentimental Gentleman From Georgia &amp; I Can&#39;t Give You Anything But Love - Harry Roy &amp; His Orchestra,"A tantalising glimpse into those golden days at the May Fair Hotel in London, when Harry Roy and his Orchestra would broadcast ...",2018-02-21T20:36:38Z,https://www.youtube.com/watch?v=AU_z1xnWvwc
Harry Roy and his Orchestra: Wah-de-dah (London 1933),"Harry Roy and his Orchestra Title: Wah-de-dah with vocal refrain Odeon A 221.575 recorded: London, April 5, 1933 ""out of ...",2020-05-13T13:29:17Z,https://www.youtube.com/watch?v=TnWoAkD1Ol8
"Harry Roy And His Orchestra Feat. Dinah Miller (Vo, Tap-Dancing) - Eeny Meeny Miney Mo","HI, we would like to present you something new musically speaking. Our tracks are not present in the YouTube library. Our music ...",2019-01-15T10:50:55Z,https://www.youtube.com/watch?v=kKwAQxn-MQ4
Paul Whiteman Orchestra  - LIVE at the Royal Albert Hall in 1926,"Rare, unissued LIVE performances of Paul Whiteman and his Orchestra recorded by HMV at a concert given by the band at the ...",2017-05-19T15:42:03Z,https://www.youtube.com/watch?v=doHMpHJqSWw
Tommy Dorsey And His Orchestra - Are You Havin&#39; Any Fun,"HI, we would like to present you something new musically speaking. Our tracks are not present in the YouTube library. Our music ...",2018-10-12T10:51:49Z,https://www.youtube.com/watch?v=RPjEq9fzpk4
Trio De Saxophones Alix Combelle   Reflets,"HI, we would like to present you something new musically speaking. Our tracks are not present in the YouTube library. Our music ...",2018-09-03T10:52:42Z,https://www.youtube.com/watch?v=w5i7o8lqYjg
Tommy Dorsey And His Orchestra - Nola,"HI, we would like to present you something new musically speaking. Our tracks are not present in the YouTube library. Our music ...",2019-01-10T11:53:45Z,https://www.youtube.com/watch?v=Haf6ADKzvx8
When You&#39;re Smiling (The Whole World Smiles With You) - Teddy Wilson - Billie Holiday - 1938,"When You're Smiling (The Whole World Smiles With You) Teddy Wilson and his Orchestra Columbia Smart Set C-61 ""Teddy ...",2019-12-17T15:00:09Z,https://www.youtube.com/watch?v=O0UEnIBqypM
Easy Living - Teddy Wilson - Billie Holiday - 1937,"Easy Living Teddy Wilson and his Orchestra Columbia Smart Set C-61 ""Teddy Wilson - Billie Holiday"" (4x Shellac 10"" Album) ...",2019-12-17T15:00:00Z,https://www.youtube.com/watch?v=2Ec785uoB6o
The Benny Goodman Quartet 1959-Avalon,"The Song Is Called Avalon This Clip Was Recorded December 17, 1959 Featuring Benny Goodman On Clarinet, Jess Stacy On ...",2018-01-25T23:53:35Z,https://www.youtube.com/watch?v=3MTx1eQlzlY
Chick Webb And His Orchestra - I May Be Wrong,"Mario Bauza, Bobby Stark (tp), Taft Jordan (tb,vcl), Sandy Williams, Claude Jones (tb), Pete Clark (cl,as) Edgar Sampson (as.arr), ...",2018-05-13T13:48:07Z,https://www.youtube.com/watch?v=mawJmO7IUTA
Fletcher Henderson (1932) [HONEYSUCKLE ROSE],"An early rendition of “Honeysuckle Rose” from Fletcher Henderson and his Orchestra. Recorded November 9, 1932 in New York.",2021-01-05T19:24:20Z,https://www.youtube.com/watch?v=xtVlHYfgJV4
Benny Goodman Quartet - Avalon,"HI, we would like to present you something new musically speaking. Our tracks are not present in the YouTube library. Our music ...",2018-12-28T12:00:48Z,https://www.youtube.com/watch?v=Jzqb3k2-WAI
I&#39;m Shooting High - Tommy Dorsey - Edythe Wright - 1935,"I'm Shooting High From the motion picture ""King Of Burlesque"" Foxtrot Tommy Dorsey And His Orchestra Vocals: Edythe Wright ...",2021-12-19T18:15:02Z,https://www.youtube.com/watch?v=lK0HlVoS_4A
Lovely Lady - Tommy Dorsey - Buddy Gately - 1935,Lovely Lady From the 20th Century Fox film “King of Burlesque” English Waltz Tommy Dorsey And His Orchestra Vocals: Buddy ...,2021-12-20T18:15:00Z,https://www.youtube.com/watch?v=JXvfrDvX1zY
I&#39;m Shooting High / Tommy Dorsey and his Orchestra,"I'm Shooting High Tommy Dorsey and his Orchestra Vocal refrain by Edythe Wright Victor 25216 (98369-1) Tommy Dorsey(tb,dir); ...",2021-06-29T13:02:17Z,https://www.youtube.com/watch?v=zvfDq8ezYuM
Jimmy Dorsey ahO - Jersey Bounce (Decca 78),Jimmy Dorsey and his Orchestra.,2013-12-24T18:03:20Z,https://www.youtube.com/watch?v=jJISPJ2zBVw
"Glenn Miller - June 13th, 1939","On June 13th, 1939 Glenn Miller and his Orchestra broadcast a 30 minute program over the NBC radio network to the United ...",2018-06-16T00:48:02Z,https://www.youtube.com/watch?v=7NS9SU0qOPg
Benny Goodman Quartet (Trio) - Tiger Rag,"Recorded in New York on 2nd December 1936 Although the label says ""Benny Goodman Quartet"", only three musicians play on ...",2019-04-24T07:08:38Z,https://www.youtube.com/watch?v=QNo5de8BodI
Tiger Rag • Harry Roy and His Orchestra from The Café Anglais (Victrola Credenza),"Harry Roy and His Orchestra from The Café Anglais play ""Tiger Rag"" on Parlophone record R 1505, played on a 1926 Victor ...",2015-11-13T22:20:39Z,https://www.youtube.com/watch?v=MnEVyUUKXbA
Babs - Jimmie Lunceford &amp; His Orchestra - Decca 576-A,"JIMMIE LUNCEFORD AND HIS ORCHESTRA: Jimmie Lunceford, as, a, dir: Eddie Tompkins, Paul Webster, t / Sy Oliver, t, v, ...",2022-11-28T20:05:50Z,https://www.youtube.com/watch?v=wIpMha89tjQ
"Coleman Hawkins - Swanee River Blues - New York, December 1923","Fletcher Henderson And His Orchestra Elmer Chambers, Howard Scott (cnt); Teddy Nixon (tb); Don Redman (cl,as); Coleman ...",2011-10-16T14:55:28Z,https://www.youtube.com/watch?v=jwmqiiWDF68
Chick Webb And His Orchestra - Don&#39;t Be That Way,"Mario Bauza, Bobby Stark (tp), Taft Jordan (tb,vcl), Sandy Williams, Claude Jones (tb), Pete Clark (cl,as) Edgar Sampson (as.arr), ...",2018-05-13T13:25:19Z,https://www.youtube.com/watch?v=r1FO0iByaoU
Hyde Park / Duke Ellington and his Famous Orchestra,"Hyde Park Duke Ellington and his Famous Orchestra Decca M. 439 (GB.6038-3) Duke Ellington(p,arr,dir); Arthur Whetsel, Freddy ...",2018-08-07T01:17:25Z,https://www.youtube.com/watch?v=-qBtI9xOjbo
"Coleman Hawkins - Sophisticated Lady - Concert, &quot;Carnegie Hall&quot;, New York, September 18, 1949","Coleman Hawkins - Jazz at the Philharmonic Coleman Hawkins (ts); Hank Jones (p); Ray Brown (b); Buddy Rich (d) Concert, ...",2013-10-23T15:07:29Z,https://www.youtube.com/watch?v=0Mi88FmEf64
Jazz Club U.S.A. (1950) (Episode 2),"Jazz Club USA # 02 Host: Leonard Feather. Date: 1950-12-31 Lionel Hampton and his Orchestra: Oh babe 1:27 Los Angeles, ...",2017-12-20T23:09:48Z,https://www.youtube.com/watch?v=ftwKXR-kXFQ
"Django Reinhardt &amp; Duke Ellington - Blues Riff - Chicago, 10.11.1946","Django Reinhardt with Duke Ellington and his Orchestra Shelton Hemphill, Harold Baker, Taft Jordan, Ray Nance, Cat Anderson ...",2010-09-02T19:43:15Z,https://www.youtube.com/watch?v=Yz7I01zrbbY
Rhythm On The Radio - Louis Prima &amp; His New Orleans Gang - Vocalion 3921,"LOUIS PRIMA AND HIS NEW ORLEANS GANG: Louis Prima, t, v / Myer Weinberg, cl, / George Moore, as / Joe Catalyne, ts, ...",2020-10-04T21:10:07Z,https://www.youtube.com/watch?v=UANy_YSSrgY
Ring Dem Bells - Duke Ellington and his Orchestra,Ring Dem Bells performed by Duke Ellington and his Orchestra. Vocal is by Cootie Williams. Issued on Victor 22528. Recorded in ...,2015-02-25T06:13:49Z,https://www.youtube.com/watch?v=kaH8EkfWUmc
Glenn Miller and his Orchestra Radio Broadcasts (Spring 1940),Please Note: These broadcasts and images are owned by the Estate of Glenn Miller and courtesy of Sony Legacy and the Estate ...,2017-07-23T14:40:57Z,https://www.youtube.com/watch?v=w53v0SwRzEM
The Orginal Benny Goodman Quartet 1973-After You&#39;ve Gone,"(This Is A Audio Recording) This Was Recording At Carnegie Hall, NY June 29, 1973 By The Orignal Benny Goodman Quartet ...",2018-01-22T05:32:58Z,https://www.youtube.com/watch?v=ugkj25VPZxg
Dizzy Gillespie and his Orchestra,Dizzy Gillespie and his Orchestra Capitol 797 10inch 78rpm 00:00 Say When (4316-Y) 03:17 You Stole My Wife - You Horse Thief ...,2020-05-27T12:13:36Z,https://www.youtube.com/watch?v=7dQvlUtNlf4
Clarinet Marmalade (Memeleda De Clarinetes) - Harry Roy And His Orchestra - Argentinian Odeon 194787,Recently I found a small trove of foreign issues of British sides. Harry Roy made it all the way to Argentina with this issue! This was ...,2023-02-28T15:01:42Z,https://www.youtube.com/watch?v=NX290RABD2c
Philippe Brun And His Swing Band   Bouncing Around,"HI, we would like to present you something new musically speaking. Our tracks are not present in the YouTube library. Our music ...",2018-12-18T09:13:38Z,https://www.youtube.com/watch?v=Pphwgl23kDM
Philippe Brun And His Swing Band   College Stomp,"HI, we would like to present you something new musically speaking. Our tracks are not present in the YouTube library. Our music ...",2019-01-05T12:36:43Z,https://www.youtube.com/watch?v=WwcDiNLmDB8
Philippe Brun And His Swing Band - College Stomp,"HI, we would like to present you something new musically speaking. Our tracks are not present in the YouTube library. Our music ...",2019-01-05T12:36:49Z,https://www.youtube.com/watch?v=qXjpmwcqNCA
Philippe Brun And His Swing Band - Gabriel&#39;s Swing,"HI, we would like to present you something new musically speaking. Our tracks are not present in the YouTube library. Our music ...",2018-12-18T09:14:26Z,https://www.youtube.com/watch?v=7R7HWUJWftg
Philippe Brun And His Swing Band - Doin&#39; The New Low-Down,"HI, we would like to present you something new musically speaking. Our tracks are not present in the YouTube library. Our music ...",2018-12-18T09:14:19Z,https://www.youtube.com/watch?v=XRCuFEfdaXk
Philippe Brun And His Swing Band   Ridin&#39; Along The Moscova,"HI, we would like to present you something new musically speaking. Our tracks are not present in the YouTube library. Our music ...",2018-12-18T09:14:05Z,https://www.youtube.com/watch?v=u2xoUPaQc8k
Philippe Brun And His Swing Band - Gotta Date In Louisiana,"HI, we would like to present you something new musically speaking. Our tracks are not present in the YouTube library. Our music ...",2018-12-18T09:14:36Z,https://www.youtube.com/watch?v=l0sZuHLQ4e0
Michel Warlop et son Orchestre - Budding Dancers - 1936 April 17 - Paris,"Michel Warlop et son Orchestre Alex Renard (tp); Maurice Cizeron (as,fl,cl); Alix Combelle (ts); Michael Warlop (vln, leader) Emil ...",2013-01-01T15:59:23Z,https://www.youtube.com/watch?v=MmDFhTBFbRE
Duke Ellington and his Orchestra: Doin&#39; The New Low Down 1928,via YouTube Capture.,2016-02-07T17:38:42Z,https://www.youtube.com/watch?v=CDlPYlKWnmI
Trio De Saxophones Alix Combelle   Reflets,"HI, we would like to present you something new musically speaking. Our tracks are not present in the YouTube library. Our music ...",2018-09-03T10:52:42Z,https://www.youtube.com/watch?v=w5i7o8lqYjg
THE MODERN SET - DIZZY GILLESPIE &amp; LESTER YOUNG !!,"Jazz At The Philharmonic live at Carnegie Hall, New York, September 17, 1955 ""The Modern Set"" (Dizzy Gillespie) Dizzy Gillespie ...",2016-05-19T23:43:51Z,https://www.youtube.com/watch?v=SclXq26J2aU
"JATP in Berlin 2/55 &quot;Jam Session No 1”-Dizzy Gillespie, Roy Eldridge,  Louie Bellson, Flip Phillips",Jazz at the Philharmonic All-Stars: Dizzy Gillespie-trumpet Roy Eldridge-trumpet Bill Harris-trombone Flip Phillips-tenor Oscar ...,2018-08-13T03:09:40Z,https://www.youtube.com/watch?v=1IKUQe-6VHk
Count Basie And His Orchestra - The King (featuring Wardell Gray) 1948.09.14,"COUNT BASIE AND HIS ORCHESTRA William ""Count"" Basie (p, dir); Clark Terry, Jimmy Nottingham, Harry Edison, Emmett Berry ...",2011-04-15T07:09:59Z,https://www.youtube.com/watch?v=VuI4Vsknpuo
JATP Vol 13,"Jazz At The Philharmonic Vol.13 Mercury 11062, 3, 4 10inch 78rpm 00:00 Embraceable You 10:50 The Closer Roy Eldridge, ...",2020-06-09T15:12:18Z,https://www.youtube.com/watch?v=5NZIRdje1YU
"All Star jam session with Miles Davis- January 17, 1949  WPIX Studio, NYC","January 17, 1949 WPIX Studio, New York City, New York All-Star jam session: Miles Davis (tpt -1, 3, 5); Kai Winding (tb -1, 3, 5); ...",2016-01-17T10:59:50Z,https://www.youtube.com/watch?v=CfyBFm3_a6U
[ JAZZ AT THE PHILHARMONIC | The Beginning ] (1944),,2020-01-28T11:27:20Z,https://www.youtube.com/watch?v=CFxrQhhZIpo
"Gene Krupa Trio 1/28/1946 &quot;Body And Soul&quot; - JATP Los Angeles - Charlie Ventura, Teddy Napoleon","Charlie Ventura - tenor Teddy Napoleon - piano Gene Krupa - drums Recorded January 28, 1946 with Jazz At The Philharmonic ...",2020-08-03T16:28:46Z,https://www.youtube.com/watch?v=5q08528tmd8
Norman Granz Jam Session #3 (1953) (Full Album),Bass – John Simmons Clarinet – Buddy De Franco Drums – Buddy Rich Guitar – Freddie Greene (tracks: A) Piano – Arnold Ross ...,2020-12-18T11:46:04Z,https://www.youtube.com/watch?v=YcetP_QvqXE
